"","country","continent","iso_alpha","iso_num","cntry_col","cntnt_col","iso2c","ad_unemp","air","bas_unemp","child_mor","CO2","cook","gdpPercap","gini","int_unemp","lifeExp","mor_hyg","mortality","murder","poison","pop","pri_ed","pri_mon","renew_wat","road","sec_ed","sec_f","sec_mon","surv_65f","surv_65m","water_stress","y_unemp","unemp","envir","health","econ","educ","secu"
"1","Afghanistan","Asia","AFG",4,"#874D96","#313695","AF",15.4603996276855,56.9108083545081,12.2833003997803,47.9,0.000307596383973709,32.44,974.5803384,NA,16.1546001434326,43.828,13.9,211.1,7.1,1.2,31889923,NA,1.6855103969574,1412.91214107761,15.1,31.99017,99.37506,2.42711925506592,67.574376,60.950303,43.670393,17.5739002227783,14.6327667236328,-1.09272343975135,-1.20735652588749,-0.695433937070783,-1.0376348302646,-0.0418045571254615
"2","Albania","Europe","ALB",8,"#D2ECB1","#A50026","AL",19.1000003814697,18.2006025215914,13.789999961853,7.8,0.00158778405248349,77.42,5937.029526,29,20.3700008392334,76.423,0.2,68,2.3,0.4,3600523,99.32327,8.70675563812256,9310.84516168334,13.6,72.32793,96.14114,6.31500720977783,91.145395,84.702788,6.468265,31.8999996185303,17.7533337275187,-0.0050319022503981,0.885861360925022,-0.206581222276285,-0.416721581327688,0.604420524420978
"3","Algeria","Africa","DZA",12,"#A34F06","#313695","DZ",22.8299999237061,38.8840106983002,23.6200008392334,20.1,0.00436202186431696,92.62,6223.367465,27.6,22.4300003051758,72.301,1.9,49.7,1.4,0.8,33333216,99.44293,5.19870471954346,289.027090367878,23.8,NA,94.28179,4.69826078414917,85.829405,81.889538,NA,39.310001373291,22.9600003560384,-0.0500232081203673,0.487404032858041,-0.228433923777085,-0.670391206533204,0.300847073760135
"4","American Samoa","Oceania",NA,NA,NA,NA,"AS",NA,12.4738202417443,NA,NA,NA,NA,NA,NA,NA,NA,NA,NA,5.4,NA,NA,NA,NA,NA,NA,NA,NA,NA,NA,NA,NA,NA,NA,0.214194239788115,0.321898388292023,-0.236468592741418,-0.197317126924269,0.473563868411722
"5","Angola","Africa","AGO",24,"#C96C0C","#313695","AO",12.6399002075195,32.3885049076425,14.4979000091553,51.6,0.00279885891651818,48.05,4797.231267,42.7,15.8050003051758,42.731,48.8,118.5,4.8,2.7,12420476,80.99965,1.13926255702972,5493.32692544171,23.6,3.11581,84.84965,3.10688614845276,63.665746,50.634695,0.67913,19.4200000762939,14.3142668406169,-0.14317248189729,-1.45875319544173,-0.564851206357099,-1.2478846895363,-1.49954586772321
"6","Antigua and Barbuda","Americas",NA,NA,NA,NA,"AG",NA,18.6223428464755,NA,5,NA,98.75,NA,NA,NA,NA,0.1,29.9,10.3,0.4,NA,82.47268,NA,561.785613966855,7.9,49.09621,96.8611,NA,86.407132,80.329523,8.461538,19.8400001525879,NA,0.0729571959455853,0.596314183860444,-0.236468592741418,-0.325522198547559,0.659779865003431
"7","Argentina","Americas","ARG",32,"#C62026","#A50026","AR",3.64019989967346,13.311833946835,11.0818004608154,8.8,0.00506240175562821,98.4,12779.37964,41.2,10.6907997131348,75.32,0.4,26.6,5.1,0.6,40301927,99.43942,13.6563987731934,6843.29556240406,14,65.8184,100,15.5519323348999,86.900558,76.722114,6.643319,23.7273006439209,8.47093335787455,0.645981193698979,0.615342449731407,0.0866273897253039,0.0926163145946031,0.510166028293181
"8","Armenia","Asia",NA,NA,NA,NA,"AM",17.8169994354248,32.5281183420597,17.4030990600586,11,NA,96.9,NA,33.6,17.6832008361816,NA,0.2,54.8,2.4,0.6,NA,92.39764,18.5326614379883,2355.09989517247,17.1,82.54074,90.65522,13.6024179458618,88.135315,72.735522,0.6601767,36.051700592041,17.634433110555,-0.246470860124814,0.610124478549888,-0.297238512811313,0.26028167960863,0.485385465981792
"9","Australia","Oceania","AUS",36,"#313695","#7F3B08","AU",3.42000007629395,8.55032440147794,8.63000011444092,3.1,NA,100,34435.36744,35.8,5.88000011444092,81.235,0.1,8.4,0.8,0.2,20434176,99.98878,57.6343193054199,20957.8540111671,5.6,81.92121,68.5337,38.9724655151367,93.459129,89.296192,4.58062,11.7797002792358,5.97666676839193,0.30432043588948,1.16076931682494,1.69438428877288,2.82563891477111,0.767601192948027
"10","Austria","Europe","AUT",40,"#92C858","#40004B","AT",3.22079992294312,12.4779667308248,11.3072996139526,2.9,0.00716023058171174,100,36126.4927,30.5,4.23820018768311,79.829,0.1,15.3,0.7,0.2,8199783,NA,25.8611297607422,6435.49133689259,5.2,77.42316,68.37135,22.3394584655762,92.522218,86.366903,7.622535,9.39400005340576,6.25543324152628,0.990388679514473,1.07413675904172,1.93129172784056,0.879430118301094,0.77133910311289
"11","Azerbaijan","Asia",NA,NA,NA,NA,"AZ",5.78999996185303,19.9286636166698,9.53999996185303,19.2,NA,95.54,NA,26.6,4.44999980926514,NA,1.1,63.9,2,0.6,NA,97.93103,4.53168249130249,851.067935567183,8.7,NA,NA,5.90278339385986,83.810919,74.378292,53.126134,13.4200000762939,6.59333324432373,0.0429498436508457,0.320668890042175,0.0309709355399096,-0.662365458012571,0.545034492845563
"12","Bahamas","Americas",NA,NA,NA,NA,"BS",NA,17.3677204858567,NA,8.3,NA,100,NA,NA,NA,NA,0.1,19.9,30.9,0.1,NA,90.91503,NA,1888.66075066171,13.8,67.07804,100,NA,82.283926,72.032153,0,25.8386478424072,NA,0.101776989698345,0.296733639362224,-0.236468592741418,-0.201332773028532,0.734138206816646
"13","Bahrain","Asia","BHR",48,"#E7D4E8","#313695","BH",2.46000003814697,70.8162076823101,1.5,6.1,NA,100,29796.04834,NA,1.53999996185303,75.635,0.1,40.1,0.5,0.2,708573,99.61563,35.4953460693359,2.99384390846322,8,86.32909,98.89028,14.1827297210693,88.992325,86.261306,NA,5.30000019073486,1.83333333333333,-1.12598239491766,0.802465085768522,1.4064398512654,1.03539009265264,0.745173731958847
"14","Bangladesh","Asia","BGD",50,"#5B1567","#A50026","BD",10.7356996536255,60.8457845768598,3.4539999961853,25.1,0.000486476975993733,17.72,1391.253792,32.4,8.48260021209717,64.062,11.9,149,2.2,0.3,150448339,96.87067,8.79904174804688,679.522951848738,15.3,55.68954,97.93083,3.77882933616638,79.197751,73.401757,3.786324,12.7627000808716,7.55743328730266,-1.15537924033153,-0.154910190319403,-0.444926871005947,-0.591164938869965,0.386686452689971
"15","Barbados","Americas",NA,NA,NA,NA,"BB",5.21999979019165,23.0801758047572,1.92999994754791,11.3,NA,99.44,NA,NA,NA,NA,0.2,31.1,10.5,0.2,NA,90.64301,NA,280.874221012903,5.6,86.30039,100,NA,85.779648,80.298573,NA,29.6100006103516,3.57499986886978,-0.0294431999620475,0.529583421345278,-0.187252593826947,-0.117561078275544,0.765507072214876
"16","Belarus","Europe",NA,NA,NA,NA,"BY",3.6800000667572,18.7655799063811,13.3900003433228,2.6,NA,98.18,NA,25.4,8.15999984741211,NA,0.1,60.7,3.6,2.6,NA,99.22964,25.9844093322754,3588.57570591242,8.9,89.15839,89.8581,24.9464550018311,87.927928,66.732246,4.543967,10.6499996185303,8.4100000858307,0.0696669130255559,0.599845953574865,0.0339323060390518,1.04243064503562,-0.299176699871684
"17","Belgium","Europe","BEL",56,"#6DAD35","#40004B","BE",3.44989991188049,12.8865184713072,12.3570995330811,2.9,0.0089827548977476,100,33692.60508,27.7,5.95120000839233,79.441,0.3,15.7,1.7,0.2,10392226,99.29371,8.90281295776367,1070.56284931016,5.8,85.41434,55.28008,31.6803817749023,91.570656,86.037322,56.484946,15.756199836731,7.25273315111797,1.26357277061311,1.01284454731096,1.82281679657272,0.565081258727392,0.761543996399293
"18","Belize","Americas",NA,NA,NA,NA,"BZ",3.89910006523132,23.0118921090113,6.54530000686646,11.2,NA,85.43,NA,NA,9.60350036621094,NA,1,68.6,37.9,0.5,NA,99.59655,9.1983814239502,NA,28.3,39.01881,92.62934,15.2429294586182,81.995846,70.285696,0.687203,15.3135995864868,6.68263347943624,-0.0278746626157958,0.217325687390537,-0.231908151943303,-0.220298175651881,0.40713518774873
"19","Benin","Africa","BEN",204,"#EA952F","#7F3B08","BJ",12.1021003723145,38.9999587632257,2.45639991760254,60.5,0.000782123720370364,6.44,1441.284873,47.8,6.04759979248047,56.728,59.7,205,1.1,3.5,8078314,97.03366,2.70523977279663,1001.27910975983,27.5,19.22765,97.7608,3.05742740631104,63.727333,57.765879,0.707898,5.62849998474121,6.86870002746584,-0.607723315508657,-1.42174898446363,-0.804717003940934,-1.02920765606535,-2.10956302973061
"20","Bhutan","Asia",NA,NA,NA,NA,"BT",18.2700004577637,37.926503204094,2.32999992370605,24.8,NA,52.5,NA,37.4,7.28999996185303,NA,3.9,124.5,1.6,0.6,NA,81.94659,2.16067314147949,NA,17.4,27.38598,98.62487,3.04731345176697,70.885196,71.084622,0.562424,10.7299995422363,9.29666678110759,-0.370476571488921,-0.551756258573214,-0.269470854194935,-1.09535594877265,0.405099566231562
"21","Bolivia","Americas","BOL",68,"#F57748","#7F3B08","BO",6.00979995727539,21.5689865956858,2.50789999961853,21.8,0.00223820394703367,64,3822.137084,44,5.03879976272583,65.554,5.6,63.7,6.3,2,9119152,92.58083,25.8725109100342,NA,15.5,69.05247,34.64093,12.4344301223755,75.781369,66.731978,0.526429,6.90520000457764,4.51883323987325,0.0184360980997326,-0.283934340315877,-0.520471324321633,0.461890642660272,-0.21704382442533
"22","Bosnia and Herzegovina","Europe","BIH",70,"#BFE492","#276419","BA",15.3689002990723,27.7476689647337,20.1333999633789,5,0.00488401888494305,63.38,7446.298803,33,18.9018993377686,74.852,0.1,79.8,1.2,0.5,4552198,NA,5.50126266479492,10194.9855604543,15.7,NA,64.45435,6.71398639678955,89.595681,80.569228,1.434007,38.8221015930176,18.1347332000733,0.286720255883111,0.753813187637109,-0.208513467711621,-0.598028879888976,0.543726444540281
"23","Botswana","Africa","BWA",72,"#FDC37B","#40004B","BW",6.90000009536743,23.094386181065,21.0300006866455,30,0.00429087485991053,64.08,12569.85177,53.3,24.9500007629395,50.728,11.8,101.3,15,1.1,1639131,90.36464,12.7753582000732,1149.08738522293,23.8,28.91551,100,8.62088871002197,75.748807,63.815459,2.089327,35.9900016784668,17.6266671816508,0.301647723107562,-0.483410499800564,-0.351964645407799,-0.40535762058126,-0.0359633955667524
"24","Brazil","Americas","BRA",76,"#AD0826","#276419","BR",6.85930013656616,12.7066294740724,14.6498003005981,12.8,0.00278830775203876,95.59,9065.800825,53.3,14.1056995391846,72.39,1,29.9,30.5,0.2,190010647,99.13716,19.3951778411865,NA,19.7,60.49914,95.43323,18.5506954193115,84.96487,72.901013,1.323345,28.5424995422363,11.8715999921163,0.30730185759542,0.432717526965049,-0.502446669444132,0.412318144629709,0.616992773038239
"25","Brunei Darussalam","Asia",NA,NA,NA,NA,"BN",7.47809982299805,5.90306546792381,10.4366998672485,9.8,NA,100,NA,NA,9.86470031738281,NA,0.1,13.3,0.5,0.3,NA,99.89657,NA,20743.3944490676,8,76.86128,90.67212,NA,84.181363,77.923942,1.879623,28.8908004760742,9.25983333587645,0.365130332851265,0.439403475973944,-0.268941571061765,-0.110643395150775,0.702009559710531
"26","Bulgaria","Europe","BGR",100,"#8AC34F","#A50026","BG",2.31489992141724,19.1491323370921,14.9979000091553,5.9,0.0057922998097191,88.65,10680.79282,37.4,4.50570011138916,73.005,0.1,61.8,1.5,0.6,7322858,93.45689,16.3203907012939,2907.00169353613,10.2,86.02128,74.60561,5.76055145263672,86.531838,71.521533,41.84814,12.6778001785278,7.27283334732057,0.625058531524169,0.530694916009183,0.0562342870157375,-0.0930625149392151,0.551958537058834
"27","Burkina Faso","Africa","BFA",854,"#BE6209","#A50026","BF",11.4874000549316,42.9355925055958,6.01760005950928,49,0.000198884449703805,8.93000000000001,1217.032994,35.3,7.86719989776611,52.295,49.6,206.2,1.3,3,14326203,77.00493,9.82269954681396,710.79198888526,30.5,5.40117,97.79789,9.45108127593994,61.98803,57.54793,9.492213,8.69250011444092,8.457400004069,-0.788555256636046,-1.50654102829079,-0.539696080821925,-0.671735511692022,-1.71027030067726
"28","Burundi","Africa","BDI",108,"#E79029","#313695","BI",14.8283996582031,38.8962679482295,3.16960000991821,41,5.24449958613933e-05,0.849999999999995,430.0706916,38.6,25.6991004943848,49.58,65.4,179.9,6,5.2,8390505,97.44311,0.895776689052582,1021.91146813226,34.7,7.34321,90.73,1.98751413822174,61.576023,54.420709,3.088507,2.93510007858276,14.5657000541687,-0.718472723747646,-1.52450081055098,-0.759771308104326,-1.19296044816639,-3.03000122270912
"29","Cabo Verde","Africa",NA,NA,NA,NA,"CV",6.19000005722046,34.7787001010668,9.25,16.7,NA,71.05,NA,47.2,16.5300006866455,NA,4.1,99.5,11.5,0.5,NA,86.33663,NA,578.849979450826,25,35.8195,97.94751,NA,84.713772,70.932356,8.96651,27.7700004577637,10.656666914622,-0.298168728865426,0.326916011632096,-0.52638759400788,-0.364013189404424,0.373055203881174
"30","Cambodia","Asia","KHM",116,"#B797C6","#313695","KH",0.913900017738342,25.6142918675755,0.57370001077652,24,0.000473040487669774,17.69,1713.778686,NA,1.26219999790192,59.723,6.5,149.8,1.8,0.6,14131858,90.82181,4.35666990280151,7895.5105773327,17.8,17.66088,97.61983,8.65557670593262,77.216195,67.491713,0.609493,1.11489999294281,0.916600008805594,-0.348163682153361,-0.336519628360878,-0.449147017661041,-0.798665917333604,0.346914517004775
"31","Cameroon","Africa","CMR",120,"#BA5F08","#7F3B08","CM",13.2968997955322,72.7930962237353,2.57620000839233,50.6,0.000395787411521724,23.04,2042.09524,46.6,7.44789981842041,50.43,45.2,208.1,1.4,3.1,17696293,95.8095,3.4931309223175,12036.0510148684,30.1,20.91903,82.75871,4.31313991546631,57.046112,51.908418,0.475612,6.28609991073608,7.77366654078165,-1.44388038128005,-1.84344254586577,-0.748673364870847,-0.950337669328594,-1.65755525050207
"32","Canada","Americas","CAN",124,"#CE2726","#40004B","CA",4.62309980392456,6.42838313258525,11.8515996932983,4.3,NA,100,36319.23501,34,6.95620012283325,80.653,0.4,7,1.8,0.3,33390141,99.96224,32.6166839599609,NA,5.8,91.87553,95.63502,32.5831756591797,92.163931,88.028847,2.208498,11.1065998077393,7.81029987335204,0.353063317926745,1.06765383574321,1.83699863299466,1.60750698931814,0.716285703417826
"33","Central African Republic","Africa","CAF",140,"#F5AA4E","#7F3B08","CF",NA,56.8284973827312,NA,84.5,6.88238463478688e-05,0.970000000000004,706.016537,56.2,NA,44.741,82.1,211.9,19.8,3.2,4369038,68.35222,3.21236181259155,NA,33.6,3.84852,96.07716,5.54273748397827,47.238595,37.775932,0.069846,NA,NA,-1.12785259581636,-2.72588363121747,-1.05899629078823,-1.13785651200175,-2.50615668722562
"34","Chad","Africa","TCD",148,"#DE8013","#7F3B08","TD",NA,66.0292054967769,NA,71.4,7.12712916651325e-05,3.13,1704.063724,43.3,NA,50.651,101,280.1,NA,3.6,10238807,74.57682,2.92742967605591,1097.81060703145,27.6,8.61255,98.26812,5.02045249938965,50.193202,44.906388,2.438931,NA,NA,-1.33882160268094,-2.43886920278436,-0.680118599020561,-1.11454697877148,-3.01853354231146
"35","Chile","Americas","CHL",152,"#E04430","#7F3B08","CL",7.02159976959229,21.0362990619754,6.88899993896484,6.2,0.00506993049505669,92.28,13171.63885,46.6,7.83690023422241,78.553,0.2,25.3,4.3,0.2,16284741,97.76963,26.5709037780762,NA,12.5,82.03031,82.04277,21.0349273681641,90.072165,83.369901,5.49702,18.1474990844727,7.24916664759318,0.469710621153711,0.875303314846986,-0.000510964168539903,0.886087897811326,0.701028121870985
"36","China","Asia","CHN",156,"#40004B","#40004B","CN",NA,52.6645958291981,NA,7.4,0.00780470069664107,59.26,4959.114854,38.6,NA,72.961,0.6,112.7,0.6,1.4,1318683096,NA,14.331563949585,2061.90856648611,18.2,NA,82.17451,8.96587181091309,88.865667,83.035584,29.37877,NA,NA,0.1671863097094,0.676622804386831,-0.349665632735483,-0.152667765866872,0.121416352109285
"37","Colombia","Americas","COL",170,"#BE1826","#7F3B08","CO",11.2144002914429,16.5272102219124,6.65810012817383,12.2,0.00190134077062826,91.79,7006.580419,49.7,10.7497997283936,72.889,0.8,37,24.9,0.4,44227550,93.68701,17.2458877563477,NA,18.5,46.44139,92.03086,10.52952003479,86.814473,77.900243,0.85575,18.5231990814209,9.54076671600344,0.0820220556290113,0.570583668871953,-0.51878750401987,-0.0569424015159764,0.546066400502498
"38","Comoros","Africa","COM",174,"#FDD6A2","#276419","KM",4.10970020294189,20.5468245996681,5.22629976272583,51.3,0.000216628220996962,9.34,986.1478792,45.3,10.5635995864868,65.152,50.7,172.4,NA,2.4,710960,85.32228,NA,1580.21569944297,26.5,21.93993,99.89468,NA,67.489203,59.998631,1.168125,9.99919986724854,6.63319985071817,-0.27151426454835,-1.05495237085491,-0.771065853905946,-0.430880428406417,-1.43694149360339
"39","Congo, Dem. Rep.","Africa","COD",180,"#8B4107","#276419","CD",11.918999671936,44.9092635986842,2.06760001182556,68.2,7.23106695384611e-05,4.02,277.5518587,42.1,6.67239999771118,46.462,59.8,163.9,NA,3.2,64606759,NA,1.58832335472107,12200.5035635841,33.7,NA,82.81902,2.05161476135254,61.90889,55.953003,0.090419,8.68340015411377,6.88633322715758,-0.85351656718636,-1.63700614828036,-0.744347560824945,-0.927694476052545,-2.04010224127419
"40","Congo, Rep.","Africa","COG",178,"#F7AE55","#A50026","CG",19.2169990539551,46.6382202758892,23.4995994567871,36.2,0.000814329278721047,24.13,3632.557798,48.9,23.4361991882324,55.322,38.7,130.7,NA,1.2,3800610,87.22046,2.02366375923157,NA,27.4,NA,89.97137,2.97266483306885,65.070641,58.945537,0.009141,40.0387001037598,22.0509325663249,-0.778187756582897,-1.17793667089333,-0.903703920346564,-0.927997536100676,-0.676087236516429
"41","Costa Rica","Americas","CRI",188,"#FDB668","#A50026","CR",5.33209991455078,15.7259203021082,10.203200340271,7.6,0.00187701735220437,93.45,9645.06142,48.3,12.7124004364014,78.782,0.9,23.3,12.3,0.3,4133884,96.96598,14.8444147109985,23564.2687277547,16.7,50.7632,75.16624,12.042778968811,90.247466,82.807722,3.064842,22.2348003387451,9.41590023040773,0.0966572334342598,0.879682875426075,-0.307502541145271,-0.0648761583625502,0.603957047759548
"42","Cote d'Ivoire","Africa","CIV",384,"#B75C07","#313695","CI",12.3893003463745,25.8862663364222,2.23860001564026,59.4,0.000613154567244879,18.23,1544.750112,41.5,6.396399974823,48.328,47.2,269.1,NA,3.9,18013409,89.17269,2.50566363334656,3392.84155469679,23.6,13.08084,93.45405,1.98799407482147,53.005719,47.794101,2.71436,5.51949977874756,7.00810011227925,-0.332687528419864,-2.20196131044508,-0.647237350206993,-1.14471598243458,-1.98401000297259
"43","Croatia","Europe","HRV",191,"#C6E79C","#313695","HR",6.02530002593994,17.9017722884016,11.3030004501343,4,0.00374835555599077,92.7,14619.22272,31.1,9.13500022888184,75.748,0.1,35.5,1.1,0.2,4493312,98.20239,10.3084592819214,8894.88907223948,8.1,84.794,62.66615,10.0102710723877,91.265131,80.408657,0.978505,23.710599899292,8.82110023498536,0.336813094396277,0.910172026077722,0.448670226404239,-0.167910980890983,0.744239254417632
"44","Cuba","Americas","CUB",192,"#EF623E","#276419","CU",1.45000004768372,19.7060474004201,2.97000002861023,3.7,0.00305128664857024,79.44,8948.102923,NA,2.54999995231628,78.273,1,49.5,5,0.3,11416987,97.03627,NA,3371.39209307731,8.5,75.85689,79.57841,NA,87.698125,82.049681,25.623349,6.07999992370605,2.32333334287008,0.18729191889141,0.713968932372859,0.0120533776469879,-0.130166520273219,0.678490085406094
"45","Cyprus","Europe",NA,NA,NA,NA,"CY",7.57649993896484,17.2944061994662,9.56879997253418,1.9,NA,100,NA,34,8.81789970397949,NA,0.3,20.1,0.6,0.1,NA,98.60024,22.0625133514404,676.915867168279,5.1,90.82434,96.34111,26.992317199707,93.77736,88.670625,37.638913,20.1707000732422,8.65439987182617,0.103461084195005,1.09949058294912,-0.17788745648153,0.958678458111128,0.81124951143612
"46","Czech Republic","Europe","CZE",203,"#7BB93E","#313695","CZ",1.18509995937347,16.0712453523646,10.6365995407104,2.7,0.00943176434956237,97.13,22833.30851,25.9,2.05509996414185,76.486,0.2,29.6,0.6,0.3,10228744,NA,23.9213371276855,1249.36498530642,5.9,83.13813,65.34763,20.0202960968018,91.117728,82.560536,23.992001,6.72849988937378,4.62559982140857,1.26003234384767,0.932752269743653,1.18152535824887,0.741051179207503,0.719539467342912
"47","Denmark","Europe","DNK",208,"#A2D26B","#313695","DK",4.05420017242432,10.0296534385694,7.95639991760254,3.6,0.00612606252240258,100,35278.41874,28.2,3.92610001564026,78.332,0.3,13.2,1.2,0.1,5468120,99.98983,22.7603988647461,1063.17472833671,4,63.93706,79.77347,44.0463714599609,91.10064,86.017929,20.719166,9.35350036621094,5.31223336855571,0.886288524299052,0.974213440709346,1.94411955031809,1.49136343898155,0.821528764389494
"48","Djibouti","Africa","DJI",262,"#FDDCAF","#7F3B08","DJ",NA,45.5496175977411,NA,49.8,0.0014553522142578,11.52,2082.481567,41.6,NA,54.791,31.3,159,NA,2.4,496374,57.53803,NA,333.816997071312,24.7,7.55371,92.59032,NA,71.597769,63.994174,7.899253,NA,NA,-0.653795727287243,-0.858023689256163,-0.613759313366114,-0.641045410323204,-1.01386147563023
"49","Dominican Republic","Americas","DOM",214,"#F46D43","#313695","DO",5.13590002059937,13.726321150433,5.3701000213623,24.1,0.00231124803130427,90.41,6025.374752,45.7,8.90620040893555,72.235,2.2,43,11.3,0.4,9319622,94.68683,16.1266002655029,2311.8139200317,34.6,49.73385,93.61204,9.54519844055176,81.33224,70.879298,43.730804,13.4906997680664,6.47073348363241,0.209914056767309,0.141793525660107,-0.443080105290103,-0.118766632474876,0.366297826102639
"50","Ecuador","Americas","ECU",218,"#E54E35","#A50026","EC",5.27600002288818,14.8861006610676,2.01830005645752,12.2,0.00319283808579438,95.58,6873.262326,44.7,5.65259981155396,74.994,0.6,24.5,5.8,0.6,13755680,98.91843,9.98873519897461,NA,21.3,71.62421,86.32264,5.54470586776733,85.548346,77.103879,3.736662,7.94780015945435,4.31563329696655,0.319956892388985,0.518581196200958,-0.331466819435335,-0.396934372912794,0.437760926318125
"51","Egypt","Africa","EGY",818,"#833D07","#A50026","EG",20.746000289917,86.9994520503272,6.84040021896362,18.1,0.00251535748481119,97.62,5581.180998,31.8,15.6409997940063,71.338,2,108.9,2.5,0.2,80264543,99.43946,9.78509712219238,19.9060756151746,9.7,67.49191,81.46268,4.86285209655762,81.039661,70.671497,NA,29.5534992218018,14.4091334342956,-1.44158940346117,0.111533331501247,-0.250027702066287,-0.445521108187883,0.689499319828311
"52","El Salvador","Americas","SLV",222,"#FA9856","#276419","SV",4.98330020904541,24.4722922946922,3.74769997596741,11.8,0.000905694607596192,86,5728.353514,38,5.96840000152588,71.878,2,41.9,61.8,0.2,6939688,85.78527,9.10674571990967,2482.87246899507,22.2,43.43894,82.05876,8.31304740905762,83.570708,65.321068,11.370042,9.605299949646,4.89980006217957,-0.254851119260822,0.29316387296747,-0.253763742511531,-0.527473352651376,0.572689627176335
"53","Equatorial Guinea","Africa","GNQ",226,"#FDD9A8","#313695","GQ",NA,53.2406210371101,NA,62.6,0.00969970301214983,34.39,12154.08975,NA,NA,51.579,22.3,177.7,NA,1.9,551201,44.55404,NA,23167.2066407907,24.6,NA,94.80946,NA,55.701652,50.498863,0.101145,NA,NA,0.447760562699611,-1.95162833838735,0.158196676948292,-0.473636168514901,-0.608635270863853
"54","Eritrea","Africa","ERI",232,"#F3A548","#313695","ER",NA,48.0301986806015,NA,31.3,0.000141998966694758,16.32,641.3695236,NA,NA,58.04,45.6,173.7,NA,4.2,4906585,38.24931,NA,934.412268032154,25.3,13.65883,98.9008,NA,67.853228,58.451277,10.106517,NA,NA,-0.914402573397886,-1.00254192113053,-0.607927686100404,-0.71561710543179,-2.0958827061878
"55","Estonia","Europe",NA,NA,NA,NA,"EE",3.5599000453949,6.73212401545877,10.2891998291016,2.1,NA,92.89,NA,32.7,5.78929996490479,NA,0.1,25,2.2,0.5,NA,93.68565,38.4032249450684,9668.74469873607,6.1,84.88294,82.9325,30.724853515625,90.751118,76.457004,22.47646,11.8423004150391,6.54613327980043,0.346086119150869,0.84144741992462,-0.116104044368357,1.71490666725151,0.633436288496999
"56","Eswatini","Africa",NA,NA,NA,NA,"SZ",11.3416004180908,17.1687873115117,25.3896999359131,43,NA,49.7,NA,51.5,28.9465999603271,NA,27.9,137,9.5,3.3,NA,75.85466,NA,2410.9126674283,26.9,11.01529,97.31417,NA,59.099824,38.923933,32.347334,47.0625991821289,21.8926334381103,0.106346662003864,-1.52644122676536,-0.791998235992349,-0.529190355803367,-1.35169742684469
"57","Ethiopia","Africa","ETH",231,"#873F07","#40004B","ET",5.48269987106323,38.9787377576037,3.19679999351501,39.1,0.000151593712490714,3.51,690.8055759,35,7.93919992446899,52.947,43.7,144.4,NA,2.9,76511887,86.44679,7.61297178268433,1243.70180993172,26.7,10.16261,92.43829,4.84154748916626,70.38075,63.288888,11.596806,3.53220009803772,5.53956659634908,-0.704994855033142,-0.896234775388853,-0.525519608783316,-0.858418756775145,-1.50804285860684
"58","Fiji","Oceania",NA,NA,NA,NA,"FJ",5.02190017700195,10.8401599042944,2.57509994506836,21.6,NA,39.56,NA,36.7,5.54530000686646,NA,2.9,99,2.3,0.4,NA,99.9319,NA,NA,9.6,62.80952,99.46972,NA,72.62216,62.101657,0.450118,15.398699760437,4.38076670964559,0.25172087367032,-0.481689073889187,-0.181875880310152,-0.172743066114733,0.585258366274537
"59","Finland","Europe","FIN",246,"#B2DD7E","#A50026","FI",4.17689990997314,5.86133100081928,15.8662004470825,1.4,0.00902949206446169,100,33207.0844,27.1,8.28090000152588,79.313,0.1,7.2,1.2,0.2,5238460,99.27372,32.3179779052734,19591.6442186706,4.7,92.09586,52.74119,44.1596717834473,92.883493,85.070307,10.45443,17.0268001556396,9.44133345286051,1.43219383904794,1.09532573991477,1.77359110304452,2.01053394558243,0.776011490818969
"60","France","Europe","FRA",250,"#31701B","#40004B","FR",5.4229998588562,11.8149636162893,16.0825996398926,3.4,0.00496490054763352,100,30470.0167,32.7,9.69229984283447,80.657,0.3,9.7,1.3,0.5,61083916,99.56605,23.5293140411377,3015.85889399407,5.5,85.28887,84.18741,17.7503242492676,92.343652,84.890798,22.769665,20.7796993255615,10.3992997805278,0.665248799484989,1.06267528505947,1.44204252984005,0.666002432868135,0.634854912277992
"61","Gabon","Africa","GAB",266,"#FDCA88","#313695","GA",NA,44.3855484644179,NA,32.7,0.00356903552008534,79.12,13206.48452,38,NA,56.735,20.6,76,NA,0.9,1454867,NA,7.0482177734375,NA,23.2,NA,NA,11.7929954528809,71.235379,63.079658,0.122306,35.7000007629395,NA,-0.299345089563942,-0.691318822519255,0.213696132983906,-0.350863599809934,-0.128310810340104
"62","Gambia","Africa","GMB",270,"#FDC074","#A50026","GM",0.0454000011086464,33.9826385538147,11.8955001831055,39,0.000304070402088655,3.3,752.7497265,35.9,14.7580003738403,59.448,29.7,237,NA,1.9,1688359,83.65974,NA,1482.18268197992,29.7,NA,90.87044,NA,63.636532,56.507842,1.450538,13.0629997253418,8.89963351935148,-0.566589623024233,-1.33247208000608,-0.59148006813092,-0.267586243841486,-0.811258559719026
"63","Georgia","Asia",NA,NA,NA,NA,"GE",15.443699836731,22.1960546181194,10.9361000061035,8.7,NA,77.79,NA,37.9,13.4895000457764,NA,0.2,101.8,1,0.8,NA,99.26132,13.8034534454346,15628.8060431025,15.3,86.76268,96.22591,19.9120140075684,87.034159,67.406847,4.573511,28.8868007659912,13.289766629537,-0.0091341483692005,0.483993634247349,-0.338961158393426,0.348007896223401,0.415877717227045
"64","Germany","Europe","DEU",276,"#276419","#7F3B08","DE",1.86930000782013,12.028767360745,8.79259967803955,3.1,0.00873634389079472,100,32170.37442,31.7,2.88059997558594,79.406,0.6,16,1,0.2,82400996,99.78186,17.352560043335,1321.27311456179,4.1,NA,84.89371,6.61509323120117,92.145017,85.141048,41.460936,6.19570016860962,4.51416655381521,1.24507187755303,1.04003647014356,1.66398342153628,-0.0983198515924877,0.771147752400509
"65","Ghana","Africa","GHA",288,"#AB5406","#A50026","GH",4.56220006942749,34.713514102152,3.45530009269714,34.9,0.000632453164465982,21.71,1327.60891,43.5,7.61229991912842,60.022,18.8,203.8,2.1,1.7,22873338,95.35564,10.4807147979736,1112.96924326026,24.9,30.04541,98.60826,7.50035429000854,66.052647,60.38716,2.786305,9.06620025634766,5.20993336041768,-0.532465172032094,-1.11125831831096,-0.684291889863938,-0.509113236615587,-0.451816133330586
"66","Greece","Europe","GRC",300,"#599C28","#313695","GR",14.2220001220703,16.2182663806558,21.824499130249,3.6,0.00628777905324814,94.29,27538.41188,36,21.8073997497559,79.483,0.1,27.6,0.7,0.2,10706290,93.41945,15.9551773071289,5324.80727640423,9.2,85.19486,89.11403,19.2631072998047,93.286342,85.166753,19.721428,39.8992004394531,19.2846330006917,0.769203519323533,1.09474664283075,1.03934517895682,0.375557584264914,0.733960001464257
"67","Grenada","Americas",NA,NA,NA,NA,"GD",NA,22.722687475907,NA,13.7,NA,96.58,NA,NA,NA,NA,0.3,45.3,11.1,0.4,NA,94.29287,NA,1836.51356265266,9.3,73.69863,100,NA,81.2436,71.986218,7.05,NA,NA,-0.0212313744519394,0.192884549574113,-0.236468592741418,-0.154188337107102,0.642508937960107
"68","Guatemala","Americas","GTM",320,"#EA5839","#40004B","GT",2.91000008583069,24.0706489340746,3.0560998916626,22.1,0.00145770865784008,45.23,5186.050003,48.3,5.46589994430542,70.259,6.3,73.8,26.1,1.1,12572928,88.31673,6.7304162979126,6857.8994869324,16.6,24.39256,69.84984,4.42553091049194,81.901072,71.714572,3.760442,5.03009986877441,3.81066664059957,-0.160039325742395,0.122350668651934,-0.523686326101036,-0.836897056351278,0.146495627724086
"69","Guinea","Africa","GIN",324,"#E18417","#A50026","GN",15.279899597168,26.062490198745,10.6215000152588,64.9,0.000246240631358809,1.24,942.6542111,33.7,18.1051006317139,56.007,44.6,243.3,NA,3,9947814,78.85643,4.96239328384399,20267.2824094248,28.2,18.2453,95.5368,5.4679913520813,61.688046,57.789547,0.326563,5.66760015487671,14.6688334147136,-0.393622834191427,-1.5938966921228,-0.608455945903926,-0.949243387435065,-1.58407128057175
"70","Guinea-Bissau","Africa","GNB",624,"#FDC681","#276419","GW",NA,29.774702280636,NA,54,0.00018434133288407,1.52,579.231743,50.7,NA,46.388,35.3,214.7,1.1,2.2,1472041,72.2978,NA,9453.81192468384,31.1,1.09281,97.46642,NA,55.557131,46.70566,0.71031,NA,NA,-0.488492681565043,-2.02975829247757,-0.934213177465547,-0.591914013697008,-1.07110452309745
"71","Guyana","Americas",NA,NA,NA,NA,"GY",5.29960012435913,22.3755746295002,11.8315000534058,25.1,NA,74.48,NA,NA,14.7033004760742,NA,3.6,107.8,14.8,0.7,NA,96.53444,NA,NA,24.6,58.44435,95.6122,NA,73.796843,61.875941,0.861991,21.6075000762939,10.611466884613,-0.0132578830202679,-0.409558668106709,-0.288364050688191,-0.2099935069006,0.30093537321516
"72","Haiti","Americas","HTI",332,"#F7824D","#A50026","HT",26.8024997711182,15.0198243767223,18.0370006561279,49.5,0.000336389811655294,4.34,1201.637154,41.1,19.6968002319336,60.916,23.8,184.3,9.5,2.6,8502814,NA,4.97569942474365,1233.2913199042,15.1,NA,NA,7.39080619812012,67.069859,59.374245,15.638471,15.585000038147,21.5121002197266,-0.125985996628962,-1.11985997669218,-0.868798551213205,-0.595258628658849,-0.853420921183827
"73","Honduras","Americas","HND",340,"#F88D51","#40004B","HN",7.64589977264404,20.6288506487651,5.33190011978149,15.1,0.00126565485839143,53.1,3548.330846,50.5,10.3422002792358,70.198,3.6,60.7,41.7,0.4,7483763,85.86274,9.06237030029297,10123.2872567064,16.7,27.20568,61.44845,7.37943506240845,82.108231,75.191045,2.493881,10.6583995819092,7.77333339055378,-0.110754670086817,0.200308678158595,-0.74289994650733,-0.634560180288414,0.504251615716158
"74","Hong Kong, China","Asia","HKG",344,"#BC9ECA","#7F3B08",NA,NA,NA,NA,NA,NA,NA,39724.97867,NA,NA,82.208,NA,NA,NA,NA,6980412,NA,NA,NA,NA,NA,NA,NA,NA,NA,NA,NA,NA,-0.00421454562473353,0.40506793766108,1.99292637567618,-0.197317126924269,0.473563868411722
"75","Hungary","Europe","HUN",348,"#5FA12D","#7F3B08","HU",1.46050000190735,15.9260481922424,10.2545003890991,3.6,0.00422716979365833,100,18008.94444,30.4,3.34599995613098,73.338,0.2,38.8,2.5,0.3,9956108,97.75923,21.6263294219971,608.120352693588,7.8,82.66309,90.9445,11.7852640151978,87.202495,73.195827,8.204575,10.1688003540039,5.02033344904581,0.456433836778745,0.614945549934721,0.745813235583272,0.351006957813539,0.701784394059812
"76","Iceland","Europe","ISL",352,"#E6F5D0","#313695","IS",1.85889995098114,6.48114726265749,4.52699995040894,1.5,0.00657053101536444,100,36180.78919,27.8,2.28369998931885,81.757,0.1,8.7,0.9,0.2,301931,99.54371,NA,NA,6.6,83.8664,83.48278,NA,93.56531,90.673833,0.24416,6.07840013504028,2.88986663023631,1.03671241954501,1.18658114989512,2.04866586671575,-0.0814517399617228,0.758256417535869
"77","India","Asia","IND",356,"#460552","#276419","IN",15.2566995620728,90.8732104688993,4.18330001831055,29.9,0.00201583621497035,41.04,2452.210407,35.7,10.78600025177,64.698,18.6,184.3,3.2,2.4,1110396331,97.73003,9.3129301071167,1116.08160722025,22.6,44.61153,99.53607,6.92086744308472,74.208586,68.210888,44.529409,22.5254001617432,10.0753332773845,-1.60802015765365,-0.498996589474721,-0.490437929939712,-0.501105202504021,-0.728284114154534
"78","Indonesia","Asia","IDN",360,"#4D0A59","#313695","ID",5.49520015716553,16.5026533008949,3.07039999961853,21.1,0.0020764143289778,58.37,3540.651564,38.1,7.85930013656616,70.65,7.1,112.4,0.4,0.4,223547000,92.7346,16.6291675567627,7913.64356206243,12.2,68.131,83.22442,16.0882186889648,79.357509,71.16705,9.240649,16.5018005371094,5.47496676445007,0.109730007762079,-0.0351398254251177,-0.410033463325459,0.209462962771198,0.473008879410588
"79","Iran","Asia","IRN",364,"#762A83","#7F3B08","IR",19.9599990844727,38.9787602813703,8.94999980926514,12.4,0.00935129331724777,98.49,11605.71449,40,13.2399997711182,70.964,1,50.9,2.5,1.2,69453570,98.6638,72.210075378418,1658.79753340809,20.5,70.9658,90.50498,62.8780670166016,89.737137,85.506094,NA,27.6499996185303,14.049999554952,0.721349873371622,0.767092964817725,-0.0425781492995187,4.23418081035927,0.17787523022535
"80","Iraq","Asia","IRQ",368,"#9467A5","#40004B","IQ",8.85809993743896,61.6362357139826,7.46470022201538,22.5,0.00612530408582106,97.63,4471.061906,29.5,5.77729988098145,59.545,3,75.1,9.9,0.5,27499638,92.32209,6.92376708984375,1022.9004452552,20.7,19.93921,98.99298,6.1995530128479,78.491284,69.923234,NA,25.5699996948242,7.3667000134786,-0.299278252731738,-0.139896063418081,-0.166994154719008,-0.763506436410857,0.436273066218114
"81","Ireland","Europe","IRL",372,"#CCE9A7","#7F3B08","IE",3.8118999004364,8.20857673526837,9.71389961242676,3.1,0.00829051278070111,100,40675.99635,31.8,6.92350006103516,78.885,0.1,11.9,0.9,0.2,4109086,99.98836,49.0892181396484,10520.123493368,4.1,95.6255,100,40.0014266967773,92.34682,88.649222,2.379738,13.7541999816895,6.81643319129944,1.26370225118762,1.0704171530202,2.19449279977067,2.57124102318561,0.781618356066264
"82","Israel","Asia","ISR",376,"#C2A5CF","#A50026","IL",2.92370009422302,21.3811022400146,9.57110023498535,3,0.0100520874000397,100,25523.2771,38.9,5.04010009765625,80.745,0.2,15.4,1.4,0.1,6426679,99.75072,64.6023635864258,91.2886303053909,4.2,92.15052,80.23176,30.0228710174561,93.581158,89.391198,NA,7.15199995040894,5.84496680895487,1.23423669078532,1.16095368981767,1.02812596494645,2.8338593417541,0.821753930040213
"83","Italy","Europe","ITA",380,"#3B7D1D","#313695","IT",5.92010021209717,16.7507119446607,14.4746999740601,2.6,0.00551030010060753,100,28569.7197,35.4,10.1150999069214,80.546,0.1,15,0.7,0.3,58147733,98.86983,11.922438621521,3002.18098166877,5.6,92.50315,73.21711,13.2392883300781,93.978005,89.880116,44.828613,32.1898994445801,10.1699666976929,0.636430420399344,1.1876245996031,1.25348201363338,0.052908155631828,0.724437020699711
"84","Jamaica","Americas","JAM",388,"#FDD788","#7F3B08","JM",NA,13.4041505299481,NA,12.4,0.00266966028951143,90.5,7320.880262,45.5,NA,72.567,0.6,25.4,57,0.2,2780132,92.81328,15.2581062316895,3763.30024040602,13.6,60.22119,100,10.2171392440796,83.00257,73.779682,11.340697,24.172700881958,NA,0.272883767523603,0.324513789613543,-0.359630519479512,-0.0936964136562939,0.682372385985007
"85","Japan","Asia","JPN",392,"#611A6D","#40004B","JP",2.29999995231628,11.7047781866642,NA,1.8,0.00952434042019591,100,31656.06806,32.1,3.09999990463257,82.603,0.2,11.9,0.2,0.4,127467972,98.23516,27.0279369354248,3378.48455325435,4.1,97.0083,89.97318,28.2326393127441,94.443286,89.101873,28.4538,3.59999990463257,2.69999992847443,1.37468721975486,1.23274737235509,1.64613861499818,1.23366274751634,0.693195890836481
"86","Jordan","Asia","JOR",400,"#C6AAD2","#40004B","JO",NA,33.0060811782318,NA,13.9,0.00436960642094181,99.06,4519.461171,33.7,NA,72.535,0.6,51.2,1.4,0.6,6053193,95.99508,13.1374073028564,76.4569791040386,24.4,47.87563,97.1561,7.64310073852539,84.717805,78.535028,NA,NA,NA,0.0861740007091659,0.437276165753443,-0.260235766350578,-0.312026543955433,0.408792122540434
"87","Kazakhstan","Asia",NA,NA,NA,NA,"KZ",3.71000003814697,13.8242883553909,6.6399998664856,8.8,NA,95.34,NA,27.5,5.36999988555908,NA,0.4,62.7,5,2.3,NA,99.00869,13.1765813827515,3722.17371474383,17.6,97.0026,90.61647,16.2838077545166,84.831694,67.202012,28.143919,3.77999997138977,5.23999993006388,0.183172783669815,0.388175222901357,0.0286181838606279,0.235217989403945,-0.257266091411964
"88","Kenya","Africa","KEN",404,"#9B4A06","#40004B","KE",7.81899976730347,28.5783742715702,1.58669996261597,30.6,0.000401195197653749,13.42,1463.249282,40.8,4.17269992828369,54.11,51.2,78.1,5,1.8,35610177,83.11905,7.89200735092163,443.254998326445,27.8,29.17671,99.40173,15.696798324585,70.520384,60.689437,14.312592,7.35540008544922,4.52613321940104,-0.427390376366498,-0.808489188741037,-0.600040652015955,-0.388215861323171,-1.20057527181505
"89","Kiribati","Oceania",NA,NA,NA,NA,"KI",2.21810007095337,10.6408558565694,9.32479953765869,41.2,NA,5.52,NA,37,9.84430027008057,NA,16.7,140.2,7.5,2.6,NA,96.5445,NA,NA,4.4,NA,100,NA,74.516416,62.051723,NA,17.11549949646,7.12906662623088,0.256299065267903,-0.510942392912588,-0.228634496804078,-0.199695787272878,-0.604749252220021
"90","Korea, Rep.","Asia","KOR",410,"#7E3B8C","#40004B","KR",NA,25.0394253880491,NA,2.7,0.0119718398835024,96.68,23348.13973,31.6,NA,78.623,1.8,20.5,0.6,0.5,49044790,96.56624,41.1377830505371,1277.91664077826,9.8,95.68756,91.65732,25.019323348999,94.989597,87.840083,57.584565,10.5299997329712,NA,1.44784514324327,1.21355098202114,1.04360151472869,1.68470662769184,0.563260567008449
"91","Kuwait","Asia","KWT",414,"#E2CEE4","#276419","KW",NA,60.7451595380732,NA,6.7,NA,100,47306.98978,NA,NA,77.588,0.1,103.8,1.8,0.2,2505559,94.04683,0,0,17.6,71.45429,97.16964,5.9212851524353,89.81374,86.776504,NA,15.4300003051758,NA,-0.894641443646974,0.830252601635353,2.49747815128146,-0.821570737619017,0.655463888002129
"92","Latvia","Europe",NA,NA,NA,NA,"LV",3.66219997406006,13.4264575158321,16.1124992370605,3.3,NA,95.28,NA,34.2,8.49330043792725,NA,0.1,41.3,4.2,0.8,NA,98.4838,39.4964866638184,8496.41535533975,9.3,86.96654,82.77961,41.3561630249023,86.292282,67.120556,1.099899,12.2004995346069,9.4226665496826,0.192311312604463,0.511612019737839,-0.193771535656741,2.17836189678539,0.474040490433144
"93","Lebanon","Asia","LBN",422,"#D4BCDB","#7F3B08","LB",11.0500001907349,30.6211105076066,8.76000022888184,6.4,0.00613835285332996,NA,10461.05868,31.8,9.71000003814697,71.993,0.8,51.4,4,0.3,3921278,89.94653,3.44398498535156,766.478081122124,18.1,57.31493,87.52667,1.57571029663086,90.562966,86.094947,33.284234,22.1000003814697,9.8400001525879,0.415189928882326,0.845583831326451,0.140364938370284,-0.920768175612161,0.592968482915677
"94","Lesotho","Africa","LSO",426,"#FDBD6E","#7F3B08","LS",NA,28.0286535158261,NA,65.7,0.00122619045844556,35.61,1569.331442,54.2,NA,42.592,44.4,177.6,41.2,3.1,2012649,84.58847,9.07569313049316,2559.4133804957,28.9,12.83169,97.57016,9.95596408843994,46.371368,31.779947,2.133072,34.4300003051758,NA,-0.286853399451354,-2.69610669628679,-0.953102540193124,-0.611408390719826,-1.62958855414228
"95","Liberia","Africa","LBR",430,"#FCB661","#276419","LR",8.09000015258789,17.9841124551525,2.76939988136292,53.5,0.000292768309505933,0.71,414.5073415,35.3,8.50310039520264,45.678,41.5,170.2,3.2,1.8,3193942,89.21226,3.93650484085083,NA,35.9,7.20169,91.58759,5.51730632781982,66.412169,60.627947,0.078938,2.3043999671936,6.45416680971782,-0.200841526221719,-1.28860225177926,-0.564315146861262,-0.984144199613067,-1.0731382415379
"96","Libya","Africa","LBY",434,"#EE9D3C","#40004B","LY",NA,54.2546817939319,NA,10.2,0.00944127761303209,NA,12057.49928,NA,NA,73.952,0.6,71.9,NA,0.6,6036914,NA,2.76164793968201,110.027653092869,26.1,NA,76.5641,8.60598754882813,83.655166,72.213632,NA,48.7000007629395,NA,0.384399740404344,0.344859140359173,0.151768976904333,-0.642662058434798,0.392906004339765
"97","Lithuania","Europe",NA,NA,NA,NA,"LT",2.80290007591248,11.8532823587456,17.1259994506836,3.3,NA,100,NA,37.4,7.99440002441406,NA,0.1,34,4.5,0.7,NA,99.89955,23.208610534668,5272.19137304437,8,90.68171,93.07836,29.7724990844727,87.547183,66.07144,3.971744,11.1138000488281,9.30776651700338,0.228448547988852,0.587027736659435,-0.269630353339135,1.11252737104611,0.529352870717266
"98","Luxembourg","Europe",NA,NA,NA,NA,"LU",4.24580001831055,10.3646374004433,8.37290000915527,1.9,NA,100,NA,33.8,5.57089996337891,NA,0.1,11.6,0.3,0.1,NA,99.76126,51.2205467224121,1797.52983450143,6.3,66.33194,67.33777,23.7910385131836,92.657346,87.700352,2.462857,14.177300453186,6.06319999694824,0.262644049373187,1.03284046440092,-0.135808494149874,1.94275810395398,0.804224022407832
"99","Madagascar","Africa","MDG",450,"#B35806","#276419","MG",8.45090007781982,22.5422828750867,1.13870000839233,38.2,0.000160510670737274,0.91,1044.770126,42.6,4.93340015411377,59.443,30.2,159.6,NA,3.3,19167654,78.08813,1.94763815402985,14285.7827169753,28.6,9.90048,98.52124,4.75040054321289,70.856353,63.66987,5.758778,0.985199987888336,4.84100008010864,-0.32605232978989,-0.819598692838302,-0.676012559553322,-1.14048206695563,-1.41574832190783
"100","Malawi","Africa","MWI",454,"#C2650A","#40004B","MW",14.1485004425049,23.5659214726087,29.5956001281738,35.3,9.57536156272504e-05,2.5,759.3499101,44.7,22.4976997375488,48.303,28.3,115,1.7,2,13327079,97.57811,5.94989967346191,990.819875822153,31,8.83932,100,6.98872661590576,67.483255,53.339032,11.077864,40.5037994384766,22.0806001027425,-0.359606322137443,-1.12843368224914,-0.993598715830497,-0.796669060373008,-0.837253249739035
"101","Malaysia","Asia","MYS",458,"#9970AB","#276419","MY",4.05000019073486,16.0358087060705,2.0699999332428,6.7,0.00978278909481161,96.3,12451.6558,41,4.09999990463257,74.241,0.4,47.4,2.1,0.5,24821286,98.60314,36.2053298950195,19419.7128634738,23.6,63.49607,88.37431,28.8957538604736,86.616396,76.317395,3.411505,10.460000038147,3.40666667620341,1.31527014054111,0.583791841404104,0.142434738491109,1.48936040012169,0.463620356584779
"102","Maldives","Asia",NA,NA,NA,NA,"MV",3.5271999835968,7.79582079890031,9.41889953613281,7.4,NA,93.83,NA,38.4,5.95009994506836,NA,0.3,25.6,0.8,0,NA,99.97466,NA,68.9631392020965,0.9,NA,97.76607,NA,91.804085,87.010064,15.666667,15.9348001480103,6.29873315493266,0.321652056060251,0.94031332391678,-0.250613485072063,-0.181622099559379,0.893661740415501
"103","Mali","Africa","MLI",466,"#D37610","#40004B","ML",18.5200004577637,38.5266061638458,2.11660003662109,62,0.000117338684709971,0.960000000000005,1042.581557,33,13.2124004364014,54.467,70.7,209.1,NA,3.3,12031795,67.32742,7.93905830383301,3543.12156095764,23.1,15.24529,88.20115,13.1453733444214,58.872163,55.840625,5.820419,16.9099998474121,11.2830003102621,-0.69991997757859,-1.75042448430672,-0.536197719125952,-0.623359798132323,-2.21247095406708
"104","Malta","Europe",NA,NA,NA,NA,"MT",1.9375,13.9095433663149,5.58109998703003,6.1,NA,100,NA,29.4,3.1768000125885,NA,0.1,20.2,0.9,0.1,NA,97.88675,25.4261131286621,116.210034103618,6.1,84.96182,92.50367,34.9196090698242,93.503249,89.612557,44.356436,9.16469955444336,3.56513333320618,0.181214400088952,1.0691467080933,0.00666390747617272,1.35383711378918,0.806092977490264
"105","Mauritania","Africa","MRT",478,"#FAB25B","#40004B","MR",13.8659000396729,47.4229917763898,17.4570999145508,51.5,0.00082870309917387,46.56,1803.151496,32.6,11.4998998641968,64.164,38.6,169.5,NA,1.9,3270065,76.60704,5.44938802719116,101.757970701845,24.7,11.03671,98.91415,4.36302089691162,68.989119,62.346883,15.859058,15.2238998413086,14.2742999394735,-0.793986103005478,-0.93291844873932,-0.518880050990255,-1.01286792575059,-0.950911427908665
"106","Mauritius","Africa","MUS",480,"#FDCD8E","#7F3B08","MU",7.31029987335205,14.4578273223582,4.16900014877319,13.6,0.00338005583260451,93.34,10956.99112,38.5,8.65260028839111,72.801,0.6,38.3,1.8,0.1,1250882,98.89966,12.4261770248413,2181.71609299139,13.7,67.79258,90.80265,8.15957069396973,84.651011,72.000133,26.354053,23.9995002746582,6.71063343683878,0.358821436853316,0.402131316660145,0.0560487349459846,-0.219112414125248,0.724602080692107
"107","Mexico","Americas","MEX",484,"#B51026","#313695","MX",4.14979982376099,20.9211157874081,3.01729989051819,11,0.00441827709581516,85.35,11977.57496,48.3,4.01230001449585,76.195,1.1,36.7,24.8,0.4,108700891,99.21914,15.6796131134033,3398.27647393637,13.1,60.18793,71.93978,10.3855438232422,84.022815,73.155865,25.9429,6.8621997833252,3.72646657625834,0.371322453399193,0.406703706511751,-0.0705282412068165,-0.0366327276338136,0.590245825528699
"108","Micronesia","Oceania",NA,NA,NA,NA,"FM",5.86329984664917,11.2833994444834,9.60519981384277,25.6,NA,11.97,NA,40.1,10.2386999130249,NA,3.6,151.8,NA,1,NA,84.00917,NA,NA,1.9,NA,NA,NA,74.982793,68.539467,NA,18.8780002593994,8.56906652450561,0.241539266413604,-0.374783308113146,-0.324414473629358,-0.265745079377517,0.383569258326201
"109","Moldova","Europe",NA,NA,NA,NA,"MD",3.10669994354248,16.2510327081515,2.74780011177063,13.6,NA,92.19,NA,25.9,3.07859992980957,NA,0.1,78.3,3.2,1.2,NA,90.85235,10.1979846954346,455.517199007872,9.7,60.8708,88.23096,15.756932258606,82.871657,63.440897,13.215526,7.36730003356934,2.97769999504089,0.127428303153191,0.217258092210559,0.0998815508673768,-0.109740314057302,0.297645891275016
"110","Mongolia","Asia","MNG",496,"#DDC8E1","#40004B","MN",6.99809980392456,40.1128490470476,3.15179991722107,14,0.00725074466090051,42.8,3095.772271,32.3,7.14020013809204,66.803,1.3,155.9,6.2,1.6,2874127,99.41529,29.0900325775146,11836.2998910244,16.5,65.54184,90.71254,25.52565574646,79.054895,58.947032,2.425234,17.9323997497559,5.76336661974589,0.36962434147442,-0.158602974793457,-0.303295883977204,1.08767677248985,0.0363152806812653
"111","Montenegro","Europe","MNE",499,"#DFF2C5","#276419","ME",10.2890996932983,20.7818135501738,20.3183002471924,2.3,0.00322927522432003,69.35,9253.896111,31.9,16.6333999633789,74.543,0.1,78.6,2.4,0.5,684736,97.345,16.2236709594727,NA,10.7,83.83347,69.96821,8.62368392944336,88.834602,79.514239,NA,29.4302005767822,15.7469333012899,0.19017642131731,0.718098984173852,-0.0272694372541741,0.0171181878623778,0.590450321601072
"112","Morocco","Africa","MAR",504,"#9F4D06","#276419","MA",30.2800006866455,32.5935414574286,10.3199996948242,19.2,0.00177336447732963,96.75,3820.17523,39.5,18.0699996948242,71.164,1.9,49.1,2.1,0.6,33757175,97.50329,1.67630875110626,848.143006971706,19.6,35.31945,94.10079,4.12126064300537,88.311483,85.945323,49.035702,22.2399997711182,19.556666692098,-0.306877667150223,0.655357399258848,-0.627691761504052,-0.959413128915021,0.426423474987832
"113","Mozambique","Africa","MOZ",508,"#AF5606","#40004B","MZ",7.33209991455078,21.2986954591341,6.14970016479492,54,0.000422359226722834,3.69,823.6856205,54,16.4300003051758,42.082,27.6,110,3.4,2.9,19951656,87.53715,NA,3815.69573315056,30.1,6.33562,93.65991,NA,60.546718,46.423788,0.927968,7.40670013427734,9.97060012817383,-0.256888340474689,-1.71106914934936,-1.04056428371243,-0.488377824716917,-1.20266165697088
"114","Myanmar","Asia","MMR",104,"#834492","#276419","MM",2.28880000114441,35.5574529190767,0.58050000667572,36.8,0.000452904862821851,18.4,944,38.1,1.87689995765686,62.069,12.6,156.4,2.3,1.4,47761980,97.7122,2.68021106719971,19184.8607080606,19.9,36.54796,99.93844,3.53491973876953,74.31818,61.226445,3.70384,1.97430002689362,1.582066655159,-0.579688832339776,-0.58745412940408,-0.526890435908693,-0.932649429039403,-0.145764254069491
"115","Namibia","Africa","NAM",516,"#FDBA67","#313695","NA",12.1795997619629,25.3587653984573,17.4981002807617,29,0.00182718336999046,42.2,4811.060429,59.1,23.9423007965088,52.906,18.3,145,17.1,1.5,2055080,98.26174,17.24635887146,2709.56220336672,30.4,16.44195,100,18.706262588501,64.491048,51.442329,0.93446,37.9585990905762,17.8733336130778,-0.132344192924749,-1.23656382063188,-1.01231160151926,0.129444037138732,-0.406413449935069
"116","Nepal","Asia","NPL",524,"#8B559B","#7F3B08","NP",8.45820045471191,99.7343737198505,10.4357995986938,26.7,0.000277862720613498,27.62,1091.359778,32.8,15.0580997467041,63.785,19.8,193.8,2.2,0.4,28901790,94.83624,10.7536125183105,7366.1331658622,15.9,37.47467,99.66506,6.57317924499512,77.598563,71.436787,5.860593,21.3554992675781,11.3173666000366,-2.08102888504379,-0.28862241468247,-0.528601191306425,-0.501145680835982,0.172479877275439
"117","Netherlands","Europe","NLD",528,"#529624","#276419","NL",2.47370004653931,12.0344080729237,6.43800020217896,3.3,0.0100963801399502,100,36797.93332,28.2,3.64030003547668,79.762,0.2,13.7,0.8,0.1,16570613,97.68712,26.2698268890381,652.238054082156,3.8,58.53482,63.63594,30.4157028198242,92.881213,88.921803,21.07981,7.1648998260498,4.18400009473165,1.45580584672566,1.1086141816081,2.0614493195152,1.10780648000943,0.825491840205077
"118","New Zealand","Oceania","NZL",554,"#4575B4","#A50026","NZ",3.97000002861023,5.95600112941562,9.4399995803833,4.7,0.00842227397977196,100,25185.00911,NA,6.26999998092651,80.204,0.1,7.2,0.7,0.2,4115771,99.76601,42.4074935913086,NA,7.8,91.3118,83.90953,38.0466537475586,92.1634,88.522139,2.74631,11.5164003372192,6.55999986330668,1.33587451781596,1.06484926502549,1.03167361322178,2.20489595896471,0.747042687041279
"119","Nicaragua","Americas","NIC",558,"#FDAE61","#7F3B08","NI",7.10059976577759,17.6141804489581,4.66349983215332,15.7,0.000856764227653737,52.3,2749.320965,46.2,7.00500011444092,72.899,2.2,55.7,7.4,0.6,5675356,98.41027,8.46065807342529,25428.4208673892,15.3,23.80739,98.29296,10.0914125442505,83.115242,71.22152,1.348507,8.46109962463379,6.25636657079061,-0.104900470953553,0.257957905276071,-0.670118608766916,-0.51039551747714,0.460323647060659
"120","Niger","Africa","NER",562,"#C5690B","#276419","NE",7.29460000991821,94.0538176774282,1.54519999027252,48,0.000164938523978343,1.91,619.6768924,34.3,3.50780010223389,56.867,70.8,251.8,4.4,4.2,12894865,66.81589,5.66979646682739,181.911197502183,26.2,5.37446,91.57839,12.0689249038696,63.923122,58.733822,3.748312,0.701900005340576,4.11586670080821,-1.96804951001296,-1.37529342720722,-0.492839596343031,-0.802232121205486,-2.63201142881276
"121","Nigeria","Africa","NGA",566,"#7F3B08","#7F3B08","NG",13.6892995834351,71.7981743753326,6.32829999923706,75.7,0.00071302615742837,4.91,2013.977305,43,11.5350999832153,46.859,68.6,307.4,NA,3,135031164,65.94879,1.65597939491272,1252.79965292574,21.4,NA,100,3.54777050018311,50.321544,45.801525,5.827897,13.8032999038696,10.5175665219625,-1.37184062320728,-2.49147732497659,-0.702774711914108,-1.03447242644236,-2.02311578372529
"122","North Macedonia","Europe",NA,NA,NA,NA,"MK",17.8218002319336,29.7269445083568,23.3295993804932,8.7,NA,65.63,NA,35.6,20.9904003143311,NA,0.1,82.2,1.5,0.4,NA,94.69684,NA,2598.93395579406,6.4,74.05874,72.96806,NA,88.132261,79.191999,13.182344,45.429500579834,20.7139333089193,-0.182125400736438,0.61940937024711,-0.389933484785165,-0.150463575143913,0.673797028121668
"123","Norway","Europe","NOR",578,"#B9E188","#40004B","NO",2.32410001754761,6.95651980294718,8.30370044708252,2.1,0.0102912181396159,100,49357.19017,27.5,3.49640011787415,80.196,0.2,8.6,0.5,0.2,4627926,99.95533,47.9258728027344,NA,2.7,92.38599,77.11903,49.3958396911621,92.871398,88.894621,1.148931,9.69229984283447,4.70806686083476,1.60265765366715,1.11995477980526,2.90664104770258,2.84795011590703,0.792606920910135
"124","Oman","Asia","OMN",512,"#D9C2DE","#A50026","OM",NA,41.1152382655137,NA,9.8,NA,95.22,22316.19287,NA,NA,75.64,0.1,53.9,0.5,0.4,3204897,99.72911,NA,347.630895447525,16.1,78.97166,100,NA,88.106458,82.991496,NA,13.710000038147,NA,-0.443724657675575,0.702621049801488,0.834443005091685,-0.102171280757656,0.583152706623734
"125","Pakistan","Asia","PAK",586,"#540F60","#7F3B08","PK",7.14919996261597,58.2824187715197,3.85649991035461,57.2,0.000982441329436402,43.32,2605.94758,33.5,5.60900020599365,65.483,19.6,173.6,4.2,2.3,169270617,83.37998,2.63630270957947,281.608182407348,14.3,35.01098,97.74388,1.321613073349,72.664311,68.427577,NA,7.84539985656738,5.53823335965474,-1.01960084582486,-0.701988861980588,-0.361722836166724,-1.09670565005064,-0.628499513316814
"126","Panama","Americas","PAN",591,"#FDCF80","#313695","PA",3.20580005645752,11.4000543321554,3.21399998664856,13.1,0.00271447575437831,89.01,9809.185636,49.9,5.49790000915527,75.537,1.9,25.8,9.7,0.4,3242173,89.70763,24.758918762207,NA,14.3,47.39044,85.48515,16.233211517334,87.307896,77.984205,1.049281,10.2276000976563,3.97256668408712,0.325867948958568,0.621847177246145,-0.257116979829537,0.441984544017152,0.562279129168902
"127","Papua New Guinea","Oceania",NA,NA,NA,NA,"PG",2.38280010223389,12.2944182563739,1.62950003147125,38,NA,13.43,NA,41.9,4.95219993591309,NA,16.3,152,10,1.7,NA,95.31866,NA,NA,14.2,17.9772,93.47564,NA,68.124611,60.079532,0.088169,3.61229991912842,2.98816668987274,0.218315263276537,-0.884477637074714,-0.287818297298549,-0.395774188774575,-0.299474018091722
"128","Paraguay","Americas","PRY",600,"#FBA35B","#313695","PY",2.76220011711121,11.9090808488171,4.98960018157959,17.2,0.000855266128075472,66.22,4172.838464,48.8,5.92810010910034,71.752,1.5,57.5,8.9,0.3,6667147,90.65812,16.6345825195313,17728.5459592098,22.7,50.61334,84.43378,3.97164678573608,81.039824,74.891349,0.933105,14.5452995300293,4.55996680259705,0.0259184820540938,0.150054865687485,-0.61398949224397,-0.316397289957721,0.535323670887694
"129","Peru","Americas","PER",604,"#D73027","#276419","PE",4.80819988250732,24.786728048654,4.71630001068115,11.1,0.00215328576280524,75.06,7408.905561,43.3,8.007399559021,71.421,1.3,63.9,7.7,0.9,28674757,99.51585,15.7612476348877,NA,13.5,58.20061,97.63134,4.22694110870361,86.122002,78.03231,1.161169,14.6597995758057,5.84396648406982,-0.0686442258971804,0.495991665065651,-0.283872968993664,-0.262881710893253,0.366498812655953
"130","Philippines","Asia","PHL",608,"#681F75","#276419","PH",7.51000022888184,18.0697989132741,4.46000003814697,22.5,0.0011600433816172,43.22,3190.481016,44.4,9.02999973297119,71.688,4.2,185.2,8.4,0.2,91077287,97.29906,25.8857688903809,4765.54617168554,12.3,26.9104,100,18.3856372833252,79.376623,64.840689,25.050042,6.66879987716675,7,-0.0683452478747586,-0.121918045784916,-0.607847642526026,0.515379430633488,0.61913224762738
"131","Poland","Europe","POL",616,"#468A1F","#A50026","PL",2.00799989700317,20.8778222190899,9.85420036315918,3.8,0.00741830277244488,100,15389.92468,31.8,4.39209985733032,75.563,0.1,37.9,0.8,0.2,38518241,95.59691,20.4301319122314,1410.0908574681,9.7,87.64392,77.07707,18.4539833068848,89.965748,76.453377,37.787668,11.7474002838135,5.41810003916422,0.83744869356122,0.814161000539883,0.531901863897057,0.553163018926499,0.729287613758178
"132","Portugal","Europe","PRT",620,"#66A731","#A50026","PT",5.37559986114502,8.16075224791735,7.14499998092651,3.1,0.0042331538323056,100,20509.64777,35.5,8.23419952392578,78.098,0.2,9.8,0.7,0.3,10642836,97.6952,15.825080871582,3653.47307803761,7.4,75.31307,77.70581,20.5844917297363,93.549387,84.975636,17.050567,20.3052997589111,6.91826645533244,0.635737385958134,1.11462045748236,0.76142080796535,0.396632436611537,0.705522304224675
"133","Puerto Rico","Americas","PRI",630,"#FDBE70","#40004B","PR",NA,8.34903333944518,NA,NA,NA,NA,19328.70901,NA,NA,78.746,NA,NA,18.5,NA,3942491,76.20966,12.2078456878662,2008.55815511387,NA,62.18668,97.52738,15.6441583633423,90.125669,79.235557,21.2749,24.5300006866455,NA,0.308944270976555,0.792139680734803,0.635638194034754,-0.102270800235899,0.473563868411722
"134","Qatar","Asia",NA,NA,NA,NA,"QA",0.569999992847443,91.1873279323164,0.119999997317791,5.8,NA,98.49,NA,NA,0.449999988079071,NA,0.1,47.4,0.4,0.4,NA,98.79632,NA,22.7716515709593,9.3,60.64034,99.8951,NA,92.094326,92.736157,NA,0.409999996423721,0.379999992748102,-1.59392518196338,0.989051637016262,-0.141341614435817,-0.188341601482088,0.646697179426409
"135","Romania","Europe","ROU",642,"#4B9020","#40004B","RO",2.13879990577698,14.6113401886611,5.5637001991272,6.1,0.00314252352391285,85.88,10808.47561,35.9,4.34009981155396,72.476,0.4,59.3,1.5,0.4,22276056,92.98516,19.7299880981445,2128.6877644504,10.3,72.95518,76.07682,7.05868101119995,87.585452,72.629291,5.098177,16.2385997772217,4.01419997215271,0.318467485364597,0.593278863916839,0.147889183586798,0.0339762886518623,0.631070041814798
"136","Russia","Europe",NA,NA,NA,NA,"RU",4.78889989852905,16.1602238064949,12.691499710083,6.1,NA,98.25,NA,37.7,4.22179985046387,NA,0.1,49.4,9.2,1.7,NA,99.6611,24.3132076263428,NA,18,85.39489,87.07885,22.8823318481445,83.725779,60.426821,2.008358,16.9592990875244,7.23406648635864,0.129514264553853,0.306141338950421,-0.247098594626524,0.884592901851659,0.00426339411252269
"137","Rwanda","Africa","RWA",646,"#E58C23","#276419","RW",19.539400100708,43.2102171630293,16.6084003448486,27,9.4772829974715e-05,0.570000000000004,863.0884639,43.7,25.7409992218018,46.242,19.3,121.4,2.5,2.4,8860588,94.3225,8.3192892074585,857.119528024876,29.7,23.18029,88.87423,13.3736019134521,74.571906,66.412498,1.443692,22.627799987793,20.6295998891195,-0.811005364844641,-0.618451640850199,-0.941623157496731,-0.422031998996429,-0.809290864712913
"138","Samoa","Oceania",NA,NA,NA,NA,"WS",7.66569995880127,11.5480270054414,14.5721998214722,13.6,NA,32.29,NA,38.7,18.5743999481201,NA,1.5,85,3.1,0.5,NA,99.38323,NA,NA,11.3,67.87526,100,NA,85.10634,76.351171,NA,31.9202995300293,13.6040999094645,0.235460535500228,0.375760015432804,-0.362855484912762,-0.153179638906476,0.555525766089664
"139","Sao Tome and Principe","Africa","STP",678,"#FEE0B6","#A50026","ST",NA,28.5395843568146,NA,24.4,0.00056958397426583,16.81,1598.435089,30.8,NA,65.528,11.4,162.4,3.4,0.9,199579,96.99594,NA,11137.9625703148,27.5,11.88693,94.07957,NA,78.757641,69.025628,0.460033,20.8199996948242,NA,-0.40039190555095,-0.199410244595813,-0.384374747548226,-0.413932243745699,0.0241657628374985
"140","Saudi Arabia","Asia","SAU",682,"#905EA1","#A50026","SA",10.6499996185303,87.9454466778152,1.16999995708466,6,NA,95.96,21654.83194,NA,7.13000011444092,72.777,0.1,83.7,1.3,0.7,27601038,98.87548,7.27373456954956,77.6272104590763,28.8,70.07276,97.75016,4.76960134506226,85.144828,81.472713,NA,28.8199996948242,6.31666656335196,-1.51945628035734,0.497399693811692,0.80025139631944,-0.543957346944565,0.334981542144377
"141","Senegal","Africa","SEN",686,"#D0730F","#A50026","SN",17.8264999389648,40.6958258953758,8.39980030059814,31.8,0.000721891995373464,31.65,1712.472136,40.3,11.1968002319336,63.062,23.9,160.7,NA,2.3,12267493,75.1737,7.98064088821411,1820.14036104107,23.4,18.46914,96.54179,7.48485422134399,75.090153,65.517351,7.232797,8.05379962921143,12.4743668238322,-0.656017377494655,-0.47833724714766,-0.685558181170892,-0.770397599475494,-0.803584161092942
"142","Serbia","Europe","SRB",688,"#74B33A","#276419","RS",10.8207998275757,24.7263581904237,12.1461000442505,4.8,0.00371097936851895,76.41,9786.534714,39.6,13.7341003417969,74.002,0.7,62.5,1.1,0.3,10150265,98.97357,8.29129028320313,1179.0071377123,7.4,87.89133,67.07962,7.35989189147949,87.57203,76.764188,4.278044,29.716100692749,12.2336667378744,0.174251373225177,0.626201465314922,-0.127848335897997,-0.328978787154095,0.695051700558921
"143","Seychelles","Africa",NA,NA,NA,NA,"SC",3.2195999622345,20.1786493605547,2.29850006103516,12.4,NA,90.36,NA,46.8,4.38479995727539,NA,0.2,49.3,12.7,0.6,NA,99.03088,NA,NA,15.9,86.22735,99.23924,NA,84.20511,69.876772,NA,10.9105997085571,3.30096666018168,0.0372074483245424,0.354061167776355,-0.411000136152093,-0.0736887211901854,0.496599196476382
"144","Sierra Leone","Africa","SLE",694,"#EC9936","#A50026","SL",11.520299911499,21.6259466795766,6.49550008773804,78.5,0.000213053265635533,0.990000000000002,862.5407561,34,10.4070997238159,42.568,81.3,324.1,1.7,4.1,6144562,99.31556,3.29266786575317,22801.2992180294,27.3,20.12644,100,9.31070327758789,48.493022,43.020094,0.177541,9.44939994812012,9.47429990768431,-0.296856930781164,-2.67575014229981,-0.546410174034687,-0.763194645277478,-2.81900918649867
"145","Singapore","Asia","SGP",702,"#CBB0D5","#276419","SG",4.11999988555908,19.0782564997534,3.52999997138977,2.3,0.0123814363204641,100,47143.17964,NA,4.63000011444092,79.972,0.1,25.9,0.2,0.1,4553009,99.94123,39.2624778747559,109.694748766117,2.8,97.07751,100,19.8613471984863,94.123889,89.964174,31.666667,9.13000011444092,4.09333332379659,1.64828339732672,1.18715704629707,2.52834499438976,1.44509707792177,0.836930736350386
"146","Slovak Republic","Europe","SVK",703,"#AAD875","#7F3B08","SK",3.0757999420166,17.5629113438527,29.7752990722656,4.6,0.00563159444457294,96.58,18678.31435,26.5,5.76989984512329,74.663,0.1,33.5,1.5,0.4,5447502,NA,26.0542278289795,2325.30285685602,6.1,74.42168,70.80962,22.5984573364258,89.729218,76.682148,1.908712,14.9469995498657,12.8736662864685,0.636579265494715,0.790515112402351,0.771972718140152,0.883438414810539,0.676600460745315
"147","Slovenia","Europe","SVN",705,"#D9EFBB","#40004B","SI",3.62459993362427,16.0239799760869,8.41320037841797,1.7,0.00637677236972096,96.17,25768.25759,25.4,5.4818000793457,77.926,0.1,22.6,0.9,0.3,2009245,99.11131,19.4086647033691,9054.40401943763,6.4,92.97159,58.64918,19.2905197143555,92.588163,85.204497,6.127563,8.81369972229004,5.83986679712931,0.787464205385877,1.05435351513173,1.37149654288324,0.583388212882435,0.716961200369984
"148","Solomon Islands","Oceania",NA,NA,NA,NA,"SB",0.455799996852875,11.8791218449166,0.523299992084503,17.1,NA,8.45,NA,37.1,1.00150001049042,NA,6.2,137,3.8,0.9,NA,99.83631,NA,NA,17.4,NA,100,NA,80.130937,73.846996,0,1.32739996910095,0.660199999809266,0.22785499196315,0.00461994465096975,-0.138101433926731,-0.182351072754554,0.227442272624142
"149","Somalia","Africa","SOM",706,"#E3881D","#40004B","SO",NA,32.0345842282344,NA,76.6,6.67548144909408e-05,2.34,926.1410683,NA,NA,48.159,86.6,212.8,NA,4.6,9118773,NA,4.0269660949707,446.974785258414,27.1,NA,100,4.02904081344604,56.432673,49.903804,30.33607,NA,NA,-0.558635102182611,-2.04918399771166,-0.588977306519617,-0.755756057100114,-3.14394949151481
"150","South Africa","Africa","ZAF",710,"#8F4407","#313695","ZA",12.0328998565674,25.1022049863671,32.6623992919922,28.5,0.0111317280025732,84.75,9269.657808,63,28.4946002960205,49.339,13.7,86.7,35.9,1.2,43997828,95.60286,34.8067321777344,821.325255599445,25.9,77.34893,92.85304,22.8633441925049,65.986025,49.886778,42.915441,53.4253997802734,24.3966331481934,1.31614991875525,-1.11944671588824,-0.90381281823613,1.25948261254189,-0.138539890110468
"151","South Sudan","Africa",NA,NA,NA,NA,"SS",NA,45.5775055664158,NA,63.7,NA,0.639999999999996,NA,46.3,NA,NA,63.3,165.1,13.9,4,NA,34.33978,3.74741005897522,2463.31484678703,29.9,1.57966,100,6.47823905944824,55.277966,48.93334,1.329293,18.4799995422363,NA,-0.54622691438512,-1.84222984760402,-0.452042971850982,-1.2712897798351,-2.4231996983548
"152","Spain","Europe","ESP",724,"#41831E","#7F3B08","ES",8.90970039367676,9.69792786284953,21.5610008239746,2.5,0.00578459990954849,100,28821.0637,36.2,15.4750003814697,80.941,0.2,9.9,0.7,0.2,40448191,98.71866,18.080623626709,2392.38145265832,4.1,82.14166,82.6316,20.7453060150146,94.3265,88.056946,49.651848,34.3401985168457,15.3152338663737,0.840967308827139,1.20414849120269,1.17689484787095,0.531090661442087,0.779524235333113
"153","Sri Lanka","Asia","LKA",144,"#AD8ABD","#40004B","LK",6.21570014953613,11.0996172423996,3.05830001831055,6.4,0.000902613420129188,26.33,3970.095407,39.8,7.05800008773804,72.396,1.2,79.8,2.3,0.4,20378239,99.29702,18.7202320098877,2541.14929252094,14.9,79.41457,96.49919,8.04491519927979,90.443586,77.632601,34.076768,21.047700881958,5.44400008519491,0.051853429241417,0.732772069571722,-0.422187883761907,0.0898458699308662,0.571331109053664
"154","St. Lucia","Americas",NA,NA,NA,NA,"LC",NA,22.4008171246298,NA,14.9,NA,97.23,NA,51.2,NA,NA,0.6,30,29.6,0.2,NA,95.24463,NA,1682.59523489029,35.4,69.56522,99.57412,NA,84.11476,74.546824,14.3,46.2369003295898,NA,-0.0138377256297056,0.380368271863307,-0.57072998956299,-0.167495216942198,0.47865628199996
"155","St. Vincent and the Grenadines","Americas",NA,NA,NA,NA,"VC",NA,22.2005163158424,NA,14.8,NA,95.98,NA,NA,NA,NA,1.3,47.6,36.5,0.2,NA,99.35872,NA,918.602621691882,8.2,56.80975,100,NA,80.478685,69.520423,11.178196,NA,NA,-0.009236637542198,0.126639366809192,-0.236468592741418,-0.202357759156868,0.718175328078605
"156","Sudan","Africa","SDN",736,"#934607","#7F3B08","SD",35.1839981079102,55.3708344433937,18.56130027771,42.1,0.00036329311691796,41.29,2602.394995,35.4,23.5457992553711,58.556,17.3,184.9,5.2,3.9,42292929,62.13858,1.16733038425446,101.651134627423,25.7,NA,99.44887,4.61831331253052,69.197312,61.861229,NA,32.6038017272949,25.7636992136638,-1.04871350089526,-0.937952634919075,-0.698613288034944,-1.03604030468868,-1.37749193212601
"157","Suriname","Americas",NA,NA,NA,NA,"SR",NA,24.7800105357684,NA,16.9,NA,89.61,NA,NA,NA,NA,2,56.7,5.5,0.4,NA,90.29834,NA,NA,14.5,20.37267,65.48435,NA,80.476275,67.4455,0.956564,13.4099998474121,NA,-0.0684899186394977,0.0946900664155821,-0.236468592741418,-0.41160835100714,0.55831605335332
"158","Sweden","Europe","SWE",752,"#82BE45","#7F3B08","SE",3.5764000415802,6.18466509039924,19.0470008850098,2.2,0.0048079419666822,100,33859.74835,29.2,4.53280019760132,80.884,0.2,7.2,1.1,0.4,9031088,99.85592,26.4086284637451,17635.9385361759,2.8,96.35255,78.31983,37.7270736694336,93.321631,89.737772,2.876045,16.8062992095947,9.05206704139711,0.770246509616743,1.15728541161078,1.77175096612339,1.55657933111746,0.705344098872286
"159","Switzerland","Europe","CHE",756,"#9ACD62","#276419","CH",3.47679996490479,10.3031001048906,8.07219982147217,3.7,0.00467338984502415,100,37506.41907,32.3,4.70620012283325,81.701,0.1,10.1,0.5,0.1,7554661,99.98712,13.1761913299561,4933.65877570281,2.7,77.74481,67.18429,14.8569049835205,93.957828,90.237837,7.373763,7.94680023193359,5.41839996973674,0.654781077639407,1.19559646547185,1.99154872343168,0.103473985461307,0.837865213891602
"160","Syria","Asia","SYR",760,"#B291C1","#276419","SY",NA,43.7572594654519,NA,14,0.00158965535505073,99.02,4184.548089,35.8,NA,74.143,3.7,75.2,2.2,0.4,19314747,67.36721,NA,381.071008297217,26.5,24.17752,96.14445,NA,86.790603,65.430301,NA,20.3799991607666,NA,-0.591800956950128,0.481856333117412,-0.333388724540762,-0.51556826589681,0.410578695943857
"161","Tajikistan","Asia",NA,NA,NA,NA,"TJ",5.50549983978271,46.1521853683313,5.42210006713867,30.4,NA,80.41,NA,34,6.07399988174438,NA,2.7,129.3,1.6,1.2,NA,98.88959,10.5321626663208,7689.48069105482,18.1,60.01098,99.73906,10.260196685791,80.874252,71.438957,NA,11.0645999908447,5.66719992955525,-0.559427821594292,0.0296751998813364,-0.134962486120259,-0.25589646392441,0.164702638750965
"162","Tanzania","Africa","TZA",834,"#974807","#A50026","TZ",5.00010013580322,29.0766405124356,4.95679998397827,37.6,0.000303150501682764,2.16,1107.482182,37.8,3.56450009346008,52.517,38.4,139,6.2,2.7,38139640,80.80853,4.76293706893921,1681.35106646297,29.2,2.96384,99.70474,4.74315357208252,68.900535,61.292554,7.447489,3.88499999046326,4.50713340441386,-0.454037099490252,-0.98930948544849,-0.550776953491858,-1.04108912230589,-1.3340880537836
"163","Thailand","Asia","THA",764,"#7A3288","#A50026","TH",1.57889997959137,26.2567265583447,0.613900005817413,7.8,0.00485971629529526,74.43,7458.396327,36.5,1.09270000457764,70.616,3.5,61.5,3.2,0.4,65068149,98.01958,46.7723541259766,3280.30634116092,32.7,63.48935,91.67533,23.2294960021973,87.491994,74.069478,17.488838,2.39520001411438,1.09516666332881,0.317200595276324,0.563352213717208,-0.0476325307381837,1.7173170673306,0.356829329854778
"164","Timor-Leste","Asia",NA,NA,NA,NA,"TL",6.13969993591309,19.2572091668723,4.34749984741211,39.3,NA,6.92,NA,28.7,7.01020002365112,NA,9.9,139.8,3.9,0.4,NA,81.41625,NA,6995.472315727,12.7,33.42184,93.43274,NA,77.648055,69.821808,14.266586,13.192099571228,5.83246660232544,0.0583737507681973,-0.271377361455565,-0.00896155389659655,-0.400566789073808,0.409701111176284
"165","Togo","Africa","TGO",768,"#F1A142","#276419","TG",8.22729969024658,35.7313356081261,6.3383002281189,47.4,0.000459855945168873,6.71,882.9699438,43.1,1.87839996814728,58.42,41.6,249.6,NA,2.4,5701579,91.64536,5.54668235778809,1611.09622209144,29.2,18.13898,94.4111,7.69544315338135,60.864829,56.231537,1.774125,3.87829995155334,5.48133329550425,-0.582605358868635,-1.54952618239508,-0.708091973004157,-0.777813588882665,-1.27160740049948
"166","Tonga","Oceania",NA,NA,NA,NA,"TO",NA,10.7854788558585,NA,13.4,NA,59.17,NA,37.6,NA,NA,1.4,73.3,1,1.3,NA,99.93796,NA,NA,16.8,45.13138,99.26242,NA,79.760149,68.263972,NA,NA,NA,0.252976946085074,0.0416814298321263,-0.241312960811295,-0.251071252937372,0.160910244069416
"167","Trinidad and Tobago","Americas","TTO",780,"#FEE090","#A50026","TT",2.1603000164032,24.1085684320503,3.79889988899231,16.4,NA,99.26,18008.50924,NA,2.88129997253418,69.819,0.1,38.6,30.9,0.2,1056608,98.73351,24.5084648132324,2818.67548677204,12.1,59.57324,99.54291,11.9566631317139,81.895519,71.233672,12.332322,7.07719993591309,2.94683329264323,-0.0530662951225929,0.202374951625787,0.606026831058265,0.378804684976637,0.706860152768999
"168","Tunisia","Africa","TUN",788,"#DA7D12","#313695","TN",30.2450008392334,37.6559937453942,9.90970039367676,14.6,0.00280551875516122,99.1,7092.923025,32.8,16.2467002868652,73.923,1,56.1,3,0.5,10276158,99.76077,8.14050102233887,379.185011643556,22.8,NA,93.51749,5.50886344909668,88.002667,81.32577,NA,34.7394981384277,18.8004671732585,-0.263138836301755,0.65201030938122,-0.236751163523505,-0.518164804119379,0.4585314525156
"169","Turkey","Europe","TUR",792,"#2C6A1A","#A50026","TR",12.1891002655029,44.3115256776956,10.0128002166748,9.1,0.0048621139466016,NA,8458.276384,41.9,12.1454000473022,71.777,0.3,46.6,4.3,0.3,71158647,94.44043,7.11727809906006,2939.19972738728,12.3,78.67685,75.87259,12.354959487915,89.394342,81.247496,27.489558,20.1625995635986,11.4491001764933,-0.0971624930082547,0.737029700011891,-0.26067478417358,-0.261752798195803,0.657638783971949
"170","Turkmenistan","Asia",NA,NA,NA,NA,"TM",NA,21.767720976212,NA,39.3,NA,99.32,NA,NA,NA,NA,4,79.3,4.2,0.7,NA,NA,9.06479835510254,257.028118327331,14.5,NA,93.80915,15.0414276123047,76.210295,60.780627,NA,NA,NA,0.000705057119733454,-0.30559688253555,-0.236468592741418,-0.150433514250146,0.386941121945353
"171","Uganda","Africa","UGA",800,"#A75106","#7F3B08","UG",5.21999979019165,50.4943213226178,10.9899997711182,33.8,0.000179261935335953,0.770000000000004,1056.380121,42.8,9.76000022888184,51.542,31.6,155.7,11,3.2,29170398,90.99799,9.32942199707031,1056.5627337645,29,3.6995,94.40716,10.4442176818848,64.724718,55.196866,1.331451,14.8299999237061,8.65666659673056,-0.965228319394322,-1.27123857619039,-0.734914061978772,-0.590025616004284,-1.40563975008849
"172","Ukraine","Europe",NA,NA,NA,NA,"UA",7.69920015335083,20.3097758188675,10.3087997436523,7.5,NA,95.73,NA,25,9.867600440979,NA,0.3,70.7,6.2,2.5,NA,92.76805,50.3426551818848,1217.08924955227,13.7,79.05301,93.89718,43.1746635437012,84.091904,61.22998,13.905757,17.9479999542236,9.29186677932738,0.0341953567161632,0.311699441452308,0.0309489404070865,2.62599005257418,-0.305055691068029
"173","United Arab Emirates","Asia",NA,NA,NA,NA,"AE",3.32949995994568,40.9175098248731,1.21449995040894,6.5,NA,98.51,NA,NA,3.37660002708435,NA,0.1,54.7,0.5,0.3,NA,99.44721,25.7342376708984,16.279265371018,18.1,73.82819,98.62354,3.63393020629883,88.784319,85.149188,NA,6.91690015792847,2.64019997914632,-0.439182659176915,0.742744712572167,-0.17381986139003,0.19577805384057,0.607627328047734
"174","United Kingdom","Europe","GBR",826,"#36771C","#276419","GB",2.50999999046326,10.4726903888942,6.31239986419678,3.6,0.00690763653387036,100,33203.26128,33.2,4.61880016326904,79.425,0.2,13.8,1.2,0.2,60776238,99.76344,28.1454658508301,2244.12488106138,3.1,92.79208,51.91624,21.226016998291,91.27181,86.967776,9.673288,11.2964000701904,4.48040000597636,0.997288829034515,0.998359646478156,1.69687026271114,1.01611110885542,0.788869010745271
"175","United States","Americas","USA",840,"#A50026","#40004B","US",2.45000004768372,7.40944166188307,5.87220001220703,5.6,NA,100,42951.65309,41.5,5.17150020599365,78.242,0.2,13.3,5.3,0.9,301139947,99.64003,0,8850.87998146755,12.4,80.49462,NA,29.7161693572998,87.471366,79.690985,22.609486,8.61289978027344,4.49790008862813,0.330527529181672,0.713761695896215,2.1442930534782,0.107135313350213,0.399813393673987
"176","Uruguay","Americas","URY",858,"#FDC778","#276419","UY",3.01029992103577,9.27488332030728,9.86779975891113,6.4,0.00195715382991017,97.97,10611.46299,39.5,6.17539978027344,76.384,0.4,17.5,8.2,0.4,3447496,98.4321,21.8521423339844,NA,13.4,57.01264,88.19207,18.2606201171875,87.52388,78.130665,3.522683,25.9200000762939,6.35116648674011,0.257267869107292,0.685002569930572,0.0139988217548587,0.483969889060998,0.602101238037108
"177","Uzbekistan","Asia",NA,NA,NA,NA,"UZ",NA,28.455901201856,NA,19.1,NA,92.1,NA,35.3,NA,NA,0.4,81.1,1.1,1,NA,99.23167,6.65187406539917,531.249085594827,11.5,82.83926,64.7984,6.8640308380127,81.116728,71.45251,NA,NA,NA,-0.152928403222292,0.133182980441199,-0.1856027280077,-0.435505933079303,0.360871277830311
"178","Vanuatu","Oceania",NA,NA,NA,NA,"VU",NA,11.6527770296143,NA,22.3,NA,12.57,NA,37.6,NA,NA,10.4,135.6,NA,0.9,NA,99.04364,NA,NA,15.9,22.13472,97.44786,NA,80.713362,73.140133,0,8.89190006256104,NA,0.233054334090929,0.0143148445507056,-0.241312960811295,-0.357718457748893,0.153506364950042
"179","Venezuela","Americas","VEN",862,"#DB3A2B","#313695","VE",7.94670009613037,17.0085535697031,6.08659982681274,21.4,0.00710073107330277,96.16,11415.80569,46.9,6.09310007095337,73.747,1.4,34.6,56.3,0.3,26084662,86.87588,18.9236679077148,NA,33.7,51.27459,94.87051,8.96129894256592,82.632831,69.346396,2.579149,16.2000007629395,6.70879999796549,0.877092104295947,0.243409616762636,-0.116856148288877,-0.0588599279170025,0.434625262087105
"180","Vietnam","Asia","VNM",704,"#6F247B","#313695","VN",4.06330013275146,29.6267283386303,1.46270000934601,16.5,0.00195761467112168,66.92,2441.576404,35.3,2.90199995040894,74.249,1.6,64.5,1.5,0.9,85262356,99.37226,9.85242462158203,3918.67837392729,26.4,NA,NA,9.75089263916016,86.677326,71.849912,12.789318,7.54139995574951,2.8093333641688,-0.210160698673829,0.484165628527145,-0.37704708250396,-0.296466219539846,0.23966884763966
"181","West Bank and Gaza","Asia","PSE",275,"#CFB6D8","#313695","PS",36.0256004333496,33.2256303758951,28.5678997039795,17.3,0.00060685752197678,NA,3025.349798,33.7,30.6124000549316,73.422,NA,NA,0.7,NA,4018332,94.19213,7.51124238967896,194.565675260303,NA,61.54753,99.80001,2.71965742111206,83.871577,77.815557,48.74552,46.8563995361328,31.7353000640869,-0.502255571507828,0.356904022717046,-0.715099969788209,-0.670648633545934,0.473563868411722
"182","Zambia","Africa","ZMB",894,"#D77911","#276419","ZM",7.02510023117065,27.438034758712,11.436900138855,40.4,0.000383369877579966,16.43,1271.211593,57.1,14.1038999557495,42.384,34.9,127.2,5.3,2.9,11746035,86.02154,6.67658948898315,5207.87573670824,24.7,NA,NA,7.98097848892212,66.646066,53.716487,2.144046,23.9894008636475,10.8553001085917,-0.403959445252606,-1.24427471590766,-1.09858378392353,-0.561650296987476,-1.30507068326524
"183","Zimbabwe","Africa","ZWE",716,"#CC6F0D","#7F3B08","ZW",6.72249984741211,22.2516710932407,5.27050018310547,33.9,0.000976385864415676,29.05,469.7092981,43.2,13.5903997421265,43.487,24.6,133,6.7,2.2,12311143,89.62501,12.8478393554688,902.354298301403,34.7,31.84877,100,10.1541843414307,55.795529,49.165655,24.287928,16.4500007629395,8.52779992421469,-0.192881315743307,-1.86380815934479,-0.781791570830922,-0.337901797641589,-0.88067479613407
